ProductID,Category,Price
1,Electronics,4355
2,Electronics,3733
3,Grocery,2671
4,Grocery,2336
5,Home,1156
6,Fashion,2387
7,Grocery,3343
8,Fashion,2831
9,Electronics,4431
10,Electronics,4360
11,Electronics,4934
12,Home,3031
13,Home,3811
14,Electronics,4800
15,Grocery,4388
16,Electronics,1669
17,Home,1664
18,Fashion,2380
19,Home,4622
20,Fashion,3614
21,Electronics,2013
22,Electronics,1080
23,Electronics,1739
24,Home,2054
25,Electronics,455
26,Fashion,2700
27,Grocery,2364
28,Home,137
29,Fashion,3017
30,Home,4102
31,Grocery,248
32,Home,4747
33,Grocery,1923
34,Home,1487
35,Home,222
36,Electronics,2806
37,Grocery,526
38,Grocery,816
39,Home,2200
40,Fashion,4580
41,Fashion,2243
42,Fashion,2878
43,Grocery,514
44,Electronics,2095
45,Fashion,3683
46,Home,389
47,Electronics,2262
48,Home,4839
49,Fashion,4975
50,Grocery,4271
51,Home,4867
52,Home,799
53,Electronics,4887
54,Fashion,4275
55,Electronics,2976
56,Fashion,4123
57,Home,2488
58,Electronics,1511
59,Grocery,2676
60,Electronics,4242
61,Fashion,1128
62,Fashion,1849
63,Home,3485
64,Electronics,501
65,Fashion,3387
66,Electronics,4729
67,Fashion,4313
68,Home,4999
69,Electronics,1777
70,Electronics,2097
71,Electronics,1899
72,Fashion,1231
73,Electronics,2553
74,Electronics,277
75,Grocery,2795
76,Grocery,4372
77,Grocery,3106
78,Electronics,386
79,Fashion,3567
80,Fashion,4041
81,Electronics,4952
82,Electronics,2850
83,Fashion,2079
84,Electronics,4119
85,Electronics,4173
86,Electronics,1610
87,Fashion,3310
88,Home,1078
89,Electronics,2235
90,Electronics,475
91,Home,695
92,Fashion,2482
93,Grocery,4696
94,Fashion,349
95,Fashion,3290
96,Fashion,357
97,Electronics,4176
98,Fashion,3689
99,Grocery,4806
100,Home,3132
101,Home,125
102,Home,1478
103,Grocery,2039
104,Home,2803
105,Fashion,4319
106,Home,1074
107,Fashion,4129
108,Home,3428
109,Grocery,2615
110,Grocery,4042
111,Fashion,3664
112,Fashion,2329
113,Electronics,562
114,Grocery,2646
115,Grocery,986
116,Electronics,2351
117,Grocery,124
118,Electronics,1484
119,Grocery,707
120,Home,1975
121,Home,1032
122,Fashion,4660
123,Home,2408
124,Grocery,1429
125,Grocery,1803
126,Fashion,2195
127,Home,4942
128,Electronics,3693
129,Grocery,3114
130,Home,3272
131,Fashion,4247
132,Fashion,4445
133,Electronics,3654
134,Electronics,2758
135,Fashion,1939
136,Fashion,2679
137,Fashion,3105
138,Fashion,4908
139,Fashion,2590
140,Grocery,4540
141,Fashion,4605
142,Grocery,2105
143,Grocery,1423
144,Electronics,4125
145,Electronics,3254
146,Fashion,2515
147,Electronics,4178
148,Electronics,4644
149,Home,1870
150,Home,1747
151,Home,414
152,Home,465
153,Home,608
154,Home,577
155,Fashion,3745
156,Electronics,1720
157,Electronics,2492
158,Electronics,1821
159,Fashion,1599
160,Grocery,3073
161,Electronics,4955
162,Home,4089
163,Fashion,2267
164,Grocery,863
165,Electronics,3877
166,Electronics,2412
167,Home,2242
168,Grocery,3272
169,Electronics,4300
170,Fashion,4257
171,Home,177
172,Home,112
173,Electronics,4356
174,Grocery,4527
175,Electronics,4699
176,Home,4092
177,Grocery,1848
178,Home,306
179,Home,3153
180,Electronics,2497
181,Grocery,1688
182,Grocery,3377
183,Grocery,1235
184,Fashion,1039
185,Fashion,4436
186,Fashion,4327
187,Fashion,103
188,Electronics,2596
189,Home,4226
190,Fashion,2640
191,Fashion,3033
192,Electronics,4016
193,Fashion,224
194,Home,4124
195,Grocery,2177
196,Grocery,1475
197,Electronics,2693
198,Home,989
199,Home,958
200,Fashion,458
201,Electronics,2734
202,Home,1707
203,Home,781
204,Grocery,216
205,Grocery,2183
206,Fashion,4873
207,Fashion,601
208,Electronics,3675
209,Grocery,1390
210,Fashion,4481
211,Grocery,2883
212,Fashion,4943
213,Home,516
214,Electronics,1792
215,Grocery,1472
216,Grocery,4352
217,Electronics,634
218,Home,3365
219,Grocery,778
220,Home,1796
221,Home,4116
222,Grocery,406
223,Grocery,532
224,Grocery,1431
225,Fashion,2177
226,Electronics,715
227,Home,1880
228,Grocery,886
229,Grocery,4749
230,Fashion,562
231,Home,1550
232,Home,1138
233,Home,368
234,Grocery,2177
235,Electronics,4922
236,Electronics,580
237,Electronics,1852
238,Home,3123
239,Fashion,1017
240,Electronics,1594
241,Fashion,3808
242,Home,623
243,Electronics,1078
244,Electronics,3070
245,Home,4178
246,Home,1051
247,Electronics,397
248,Home,1369
249,Electronics,4405
250,Electronics,4894
251,Electronics,1600
252,Home,4320
253,Fashion,382
254,Grocery,1929
255,Electronics,1946
256,Grocery,3781
257,Electronics,1185
258,Electronics,4434
259,Fashion,4049
260,Electronics,4893
261,Home,4586
262,Electronics,4990
263,Home,1408
264,Grocery,2174
265,Electronics,4329
266,Fashion,4112
267,Grocery,399
268,Fashion,3613
269,Home,334
270,Fashion,1137
271,Electronics,238
272,Electronics,1608
273,Home,2263
274,Fashion,391
275,Grocery,3485
276,Electronics,950
277,Home,1169
278,Fashion,895
279,Grocery,831
280,Electronics,2267
281,Grocery,2905
282,Electronics,2574
283,Home,2769
284,Grocery,4027
285,Fashion,3683
286,Grocery,2971
287,Fashion,1728
288,Home,2661
289,Grocery,3848
290,Electronics,2786
291,Grocery,4823
292,Grocery,3872
293,Electronics,980
294,Home,2291
295,Fashion,3682
296,Home,2523
297,Fashion,3516
298,Electronics,1602
299,Grocery,853
300,Fashion,162
301,Electronics,4264
302,Fashion,4859
303,Electronics,1085
304,Fashion,2190
305,Grocery,1024
306,Home,1447
307,Fashion,2169
308,Grocery,1589
309,Grocery,3091
310,Home,732
311,Fashion,4436
312,Grocery,3233
313,Fashion,1924
314,Grocery,1245
315,Grocery,1409
316,Fashion,3632
317,Fashion,4219
318,Home,3526
319,Fashion,1724
320,Fashion,4825
321,Electronics,1524
322,Home,1619
323,Home,3695
324,Fashion,1356
325,Home,653
326,Home,3547
327,Fashion,4138
328,Electronics,1947
329,Electronics,4835
330,Electronics,4362
331,Home,4331
332,Electronics,949
333,Grocery,2334
334,Fashion,1838
335,Fashion,3612
336,Fashion,4286
337,Electronics,2212
338,Fashion,2056
339,Electronics,4931
340,Grocery,4216
341,Grocery,3196
342,Electronics,350
343,Home,3452
344,Fashion,3055
345,Electronics,2686
346,Grocery,121
347,Home,2708
348,Fashion,4348
349,Electronics,335
350,Grocery,3132
351,Fashion,1830
352,Fashion,1522
353,Electronics,4661
354,Electronics,2693
355,Home,2230
356,Fashion,2343
357,Home,2200
358,Home,2348
359,Electronics,516
360,Fashion,865
361,Electronics,4549
362,Home,4438
363,Grocery,4165
364,Electronics,3150
365,Electronics,1556
366,Home,3328
367,Grocery,4711
368,Home,4903
369,Electronics,2702
370,Home,2804
371,Grocery,1208
372,Fashion,1593
373,Home,2480
374,Electronics,2302
375,Grocery,4104
376,Fashion,2598
377,Home,1057
378,Electronics,3759
379,Fashion,4801
380,Home,3493
381,Fashion,4648
382,Fashion,2109
383,Home,4697
384,Grocery,4516
385,Fashion,4011
386,Grocery,1919
387,Home,3877
388,Fashion,1298
389,Grocery,2535
390,Home,3388
391,Fashion,4680
392,Fashion,4913
393,Fashion,1947
394,Home,2486
395,Grocery,4910
396,Grocery,4001
397,Fashion,2447
398,Grocery,1352
399,Electronics,1057
400,Home,112
401,Fashion,3646
402,Electronics,3915
403,Electronics,726
404,Electronics,1159
405,Electronics,1697
406,Fashion,4356
407,Electronics,2674
408,Home,3779
409,Fashion,805
410,Fashion,4126
411,Home,3332
412,Electronics,1960
413,Fashion,1009
414,Grocery,827
415,Home,4031
416,Fashion,1138
417,Electronics,4665
418,Home,4618
419,Electronics,2843
420,Home,4861
421,Electronics,2324
422,Home,2692
423,Fashion,4977
424,Fashion,1010
425,Fashion,374
426,Electronics,2310
427,Electronics,1830
428,Grocery,3781
429,Home,3363
430,Home,1530
431,Fashion,3002
432,Home,661
433,Home,4027
434,Electronics,462
435,Electronics,2773
436,Home,2478
437,Home,1464
438,Grocery,785
439,Fashion,2406
440,Fashion,4175
441,Home,4082
442,Grocery,1028
443,Grocery,2658
444,Fashion,300
445,Grocery,193
446,Electronics,403
447,Fashion,3289
448,Grocery,3031
449,Grocery,824
450,Grocery,2407
451,Home,1818
452,Home,3244
453,Electronics,2528
454,Home,4565
455,Fashion,900
456,Home,2483
457,Grocery,477
458,Grocery,3869
459,Electronics,1877
460,Grocery,4789
461,Home,1279
462,Home,1566
463,Fashion,2889
464,Fashion,4551
465,Electronics,1187
466,Home,4581
467,Home,2765
468,Home,4196
469,Electronics,3148
470,Fashion,4700
471,Grocery,1230
472,Fashion,1708
473,Home,4341
474,Fashion,1840
475,Home,3556
476,Electronics,1534
477,Home,505
478,Grocery,2299
479,Fashion,2922
480,Fashion,4981
481,Electronics,3845
482,Home,1830
483,Grocery,1539
484,Fashion,2097
485,Electronics,4959
486,Fashion,1795
487,Fashion,2410
488,Home,4351
489,Fashion,2552
490,Electronics,4640
491,Electronics,2521
492,Fashion,4669
493,Grocery,2226
494,Home,858
495,Home,502
496,Fashion,3966
497,Grocery,2146
498,Fashion,163
499,Home,4561
500,Grocery,2935
501,Electronics,4283
502,Fashion,2593
503,Electronics,307
504,Electronics,4047
505,Home,583
506,Grocery,1015
507,Fashion,1085
508,Fashion,1220
509,Fashion,3142
510,Grocery,2035
511,Electronics,3879
512,Electronics,4497
513,Fashion,1718
514,Electronics,2492
515,Home,3092
516,Electronics,4095
517,Electronics,1271
518,Grocery,826
519,Fashion,1618
520,Fashion,1448
521,Home,3821
522,Grocery,2984
523,Grocery,2273
524,Fashion,2265
525,Fashion,3301
526,Fashion,2113
527,Grocery,4142
528,Electronics,4563
529,Grocery,2624
530,Home,3133
531,Electronics,3545
532,Electronics,4116
533,Electronics,793
534,Fashion,3465
535,Fashion,2494
536,Electronics,3998
537,Home,3948
538,Home,3618
539,Fashion,2119
540,Fashion,994
541,Home,4327
542,Fashion,2101
543,Home,3428
544,Electronics,4690
545,Grocery,4388
546,Grocery,105
547,Fashion,1903
548,Fashion,4388
549,Fashion,3633
550,Fashion,895
551,Grocery,2252
552,Grocery,151
553,Grocery,4743
554,Electronics,3528
555,Grocery,4974
556,Electronics,3497
557,Grocery,4015
558,Fashion,469
559,Fashion,3422
560,Grocery,1333
561,Home,2954
562,Fashion,3682
563,Home,265
564,Fashion,4037
565,Electronics,633
566,Home,4154
567,Fashion,3460
568,Electronics,1706
569,Fashion,448
570,Fashion,233
571,Grocery,1875
572,Fashion,1880
573,Grocery,4504
574,Home,417
575,Grocery,1278
576,Fashion,3238
577,Home,1211
578,Grocery,2695
579,Home,1278
580,Electronics,3646
581,Fashion,2213
582,Grocery,3390
583,Electronics,2924
584,Grocery,3505
585,Fashion,669
586,Electronics,3500
587,Electronics,416
588,Fashion,3589
589,Fashion,1085
590,Grocery,1592
591,Home,1749
592,Fashion,2433
593,Fashion,699
594,Home,2777
595,Grocery,1975
596,Electronics,3474
597,Grocery,4631
598,Fashion,863
599,Home,168
600,Grocery,4196
601,Fashion,1261
602,Grocery,2028
603,Grocery,3587
604,Grocery,1166
605,Grocery,1429
606,Home,3358
607,Fashion,3476
608,Home,1096
609,Home,3588
610,Home,229
611,Home,4377
612,Home,3963
613,Electronics,614
614,Electronics,3639
615,Home,2554
616,Fashion,1097
617,Grocery,4985
618,Grocery,3273
619,Grocery,3998
620,Electronics,4753
621,Fashion,3117
622,Fashion,198
623,Home,1507
624,Grocery,3521
625,Fashion,4388
626,Grocery,2443
627,Fashion,3387
628,Grocery,2342
629,Grocery,1787
630,Electronics,4731
631,Home,3811
632,Home,4340
633,Electronics,4898
634,Grocery,2973
635,Home,4692
636,Fashion,547
637,Home,3783
638,Grocery,4119
639,Home,2004
640,Fashion,3953
641,Home,2508
642,Grocery,4120
643,Fashion,3110
644,Grocery,4637
645,Electronics,2328
646,Grocery,2220
647,Grocery,2890
648,Home,4016
649,Home,2309
650,Fashion,4751
651,Home,1051
652,Fashion,482
653,Electronics,4361
654,Fashion,1807
655,Home,2623
656,Electronics,4870
657,Fashion,1628
658,Electronics,4216
659,Grocery,917
660,Grocery,1025
661,Grocery,1586
662,Fashion,4055
663,Electronics,3820
664,Grocery,4328
665,Fashion,4100
666,Grocery,1776
667,Fashion,238
668,Fashion,3001
669,Home,3279
670,Grocery,4182
671,Electronics,1957
672,Fashion,2187
673,Fashion,731
674,Home,1794
675,Fashion,798
676,Fashion,3849
677,Grocery,671
678,Fashion,373
679,Fashion,3086
680,Electronics,1073
681,Grocery,1087
682,Electronics,3373
683,Home,1406
684,Home,2232
685,Electronics,2212
686,Grocery,906
687,Electronics,4406
688,Home,3922
689,Electronics,269
690,Electronics,3578
691,Grocery,1236
692,Fashion,731
693,Fashion,4669
694,Fashion,3457
695,Fashion,3026
696,Grocery,334
697,Electronics,2050
698,Fashion,1177
699,Fashion,1968
700,Home,2889
701,Electronics,1496
702,Grocery,2096
703,Electronics,2554
704,Electronics,3200
705,Electronics,4883
706,Grocery,997
707,Electronics,1310
708,Electronics,1617
709,Electronics,3289
710,Fashion,1096
711,Fashion,992
712,Home,2680
713,Grocery,3656
714,Home,1103
715,Home,2445
716,Fashion,4545
717,Home,4278
718,Home,365
719,Fashion,3966
720,Electronics,142
721,Grocery,3068
722,Fashion,3232
723,Electronics,1960
724,Electronics,1727
725,Home,4343
726,Fashion,4747
727,Grocery,3764
728,Electronics,1193
729,Fashion,2832
730,Grocery,868
731,Fashion,4600
732,Electronics,3540
733,Grocery,4679
734,Grocery,476
735,Electronics,4643
736,Grocery,4023
737,Grocery,2322
738,Home,1169
739,Electronics,2594
740,Fashion,2066
741,Grocery,2077
742,Grocery,2868
743,Grocery,2201
744,Grocery,2074
745,Electronics,2202
746,Electronics,1357
747,Fashion,473
748,Fashion,1551
749,Home,2084
750,Fashion,795
751,Fashion,2415
752,Electronics,935
753,Grocery,3122
754,Fashion,3280
755,Home,1471
756,Home,559
757,Electronics,1064
758,Grocery,4891
759,Grocery,2598
760,Grocery,2000
761,Grocery,1687
762,Fashion,4502
763,Electronics,1973
764,Electronics,3694
765,Fashion,2738
766,Grocery,3232
767,Fashion,759
768,Fashion,3559
769,Grocery,3168
770,Electronics,2828
771,Grocery,2372
772,Fashion,3144
773,Grocery,1494
774,Fashion,2090
775,Fashion,3839
776,Grocery,2954
777,Electronics,3837
778,Fashion,1305
779,Fashion,4598
780,Fashion,796
781,Home,573
782,Grocery,4403
783,Home,255
784,Home,2410
785,Fashion,2362
786,Fashion,4190
787,Electronics,4683
788,Electronics,3717
789,Home,2908
790,Home,398
791,Electronics,3252
792,Grocery,2667
793,Fashion,4042
794,Home,1187
795,Home,3589
796,Fashion,2901
797,Home,962
798,Grocery,3049
799,Grocery,326
800,Home,3413
801,Home,4682
802,Electronics,2103
803,Electronics,3919
804,Fashion,4706
805,Grocery,1474
806,Grocery,3660
807,Fashion,2893
808,Electronics,2122
809,Electronics,4463
810,Home,1752
811,Electronics,1203
812,Grocery,4735
813,Home,4236
814,Fashion,3973
815,Grocery,1544
816,Home,4180
817,Fashion,2947
818,Home,1958
819,Home,1407
820,Home,2002
821,Electronics,4714
822,Electronics,4843
823,Home,3747
824,Fashion,2925
825,Electronics,1082
826,Fashion,2187
827,Grocery,3739
828,Electronics,3669
829,Grocery,2290
830,Fashion,4856
831,Home,1430
832,Home,3180
833,Grocery,3982
834,Fashion,844
835,Grocery,4457
836,Grocery,4257
837,Fashion,1098
838,Electronics,269
839,Home,3789
840,Home,2358
841,Electronics,4333
842,Electronics,539
843,Grocery,3115
844,Grocery,4142
845,Grocery,3697
846,Home,1020
847,Electronics,1130
848,Home,1082
849,Grocery,3113
850,Electronics,4226
851,Grocery,1083
852,Grocery,3520
853,Electronics,1880
854,Grocery,2659
855,Electronics,2869
856,Electronics,4951
857,Fashion,340
858,Grocery,4740
859,Grocery,617
860,Home,3231
861,Grocery,4731
862,Home,4990
863,Fashion,4105
864,Fashion,4173
865,Electronics,3865
866,Home,2706
867,Home,4735
868,Grocery,3854
869,Grocery,4558
870,Home,925
871,Grocery,1189
872,Fashion,2872
873,Fashion,2848
874,Electronics,1034
875,Electronics,2919
876,Fashion,1196
877,Fashion,509
878,Fashion,4085
879,Electronics,830
880,Grocery,565
881,Grocery,3897
882,Electronics,2424
883,Grocery,3355
884,Electronics,1468
885,Grocery,2830
886,Fashion,1658
887,Fashion,576
888,Grocery,1561
889,Fashion,379
890,Grocery,4920
891,Home,1008
892,Grocery,1217
893,Electronics,4290
894,Fashion,2316
895,Electronics,1271
896,Grocery,463
897,Fashion,1359
898,Home,2789
899,Grocery,2532
900,Electronics,2236
901,Fashion,1701
902,Fashion,4772
903,Electronics,444
904,Grocery,2286
905,Home,3609
906,Fashion,3276
907,Home,4582
908,Electronics,3652
909,Fashion,4208
910,Fashion,1591
911,Home,784
912,Home,3748
913,Home,905
914,Home,1720
915,Electronics,2682
916,Home,4510
917,Home,4446
918,Home,4830
919,Electronics,1240
920,Fashion,4454
921,Home,4998
922,Fashion,890
923,Home,1209
924,Electronics,4383
925,Electronics,4718
926,Fashion,1871
927,Fashion,3465
928,Fashion,4635
929,Grocery,1507
930,Fashion,758
931,Electronics,379
932,Grocery,4201
933,Electronics,2419
934,Electronics,1275
935,Fashion,2579
936,Grocery,1140
937,Grocery,704
938,Grocery,1629
939,Fashion,1480
940,Fashion,3665
941,Home,4044
942,Electronics,553
943,Grocery,2101
944,Home,3260
945,Grocery,500
946,Grocery,897
947,Electronics,2103
948,Grocery,2838
949,Home,3894
950,Grocery,2478
951,Home,3301
952,Home,528
953,Grocery,1771
954,Home,3385
955,Home,3868
956,Grocery,4682
957,Electronics,1973
958,Electronics,4406
959,Fashion,3839
960,Fashion,2255
961,Fashion,749
962,Grocery,504
963,Fashion,1841
964,Electronics,3579
965,Grocery,3406
966,Grocery,4150
967,Home,3945
968,Electronics,2202
969,Grocery,189
970,Fashion,1049
971,Home,2693
972,Home,4681
973,Fashion,4620
974,Electronics,1377
975,Fashion,4867
976,Fashion,1188
977,Grocery,2355
978,Home,4842
979,Electronics,2439
980,Home,575
981,Fashion,1833
982,Electronics,3582
983,Grocery,2622
984,Home,4769
985,Home,933
986,Fashion,3406
987,Home,1452
988,Grocery,1418
989,Fashion,381
990,Home,4594
991,Home,872
992,Electronics,1810
993,Grocery,4255
994,Home,4058
995,Electronics,2486
996,Grocery,3750
997,Electronics,4269
998,Fashion,524
999,Electronics,2743
1000,Fashion,828
1001,Fashion,2780
1002,Fashion,4979
1003,Grocery,3030
1004,Electronics,4060
1005,Grocery,173
1006,Grocery,149
1007,Home,3923
1008,Grocery,2932
1009,Fashion,1867
1010,Home,1744
1011,Fashion,964
1012,Electronics,3315
1013,Electronics,4193
1014,Home,1980
1015,Fashion,2964
1016,Home,2156
1017,Fashion,4176
1018,Home,1638
1019,Fashion,3309
1020,Fashion,3591
1021,Electronics,134
1022,Home,3473
1023,Fashion,3810
1024,Home,1936
1025,Grocery,1601
1026,Grocery,4102
1027,Home,2014
1028,Fashion,1662
1029,Fashion,3306
1030,Fashion,2776
1031,Grocery,1629
1032,Electronics,285
1033,Home,1424
1034,Home,1944
1035,Electronics,3029
1036,Grocery,2945
1037,Grocery,1760
1038,Fashion,2228
1039,Grocery,4519
1040,Grocery,1750
1041,Fashion,1375
1042,Home,1077
1043,Grocery,366
1044,Grocery,318
1045,Fashion,4454
1046,Grocery,3881
1047,Electronics,649
1048,Grocery,2031
1049,Grocery,1978
1050,Home,1750
1051,Home,3596
1052,Grocery,360
1053,Home,2582
1054,Home,843
1055,Fashion,1792
1056,Home,2064
1057,Home,1157
1058,Electronics,2892
1059,Grocery,1848
1060,Home,1375
1061,Electronics,3511
1062,Fashion,972
1063,Grocery,1091
1064,Electronics,290
1065,Fashion,4252
1066,Fashion,1085
1067,Home,4172
1068,Fashion,4977
1069,Electronics,1223
1070,Grocery,1393
1071,Grocery,4138
1072,Fashion,1781
1073,Fashion,494
1074,Home,1125
1075,Home,1664
1076,Electronics,404
1077,Home,1974
1078,Grocery,345
1079,Electronics,3680
1080,Grocery,1387
1081,Grocery,4912
1082,Fashion,2342
1083,Electronics,4043
1084,Fashion,4956
1085,Fashion,1830
1086,Grocery,3704
1087,Grocery,601
1088,Grocery,1121
1089,Home,2700
1090,Electronics,3944
1091,Home,4544
1092,Grocery,1905
1093,Fashion,4513
1094,Home,2921
1095,Electronics,3170
1096,Grocery,1541
1097,Home,4458
1098,Fashion,1679
1099,Fashion,4707
1100,Grocery,3899
1101,Fashion,145
1102,Fashion,1659
1103,Grocery,1817
1104,Home,4213
1105,Fashion,2564
1106,Grocery,2683
1107,Grocery,1926
1108,Fashion,4607
1109,Home,4873
1110,Electronics,3807
1111,Grocery,3914
1112,Fashion,1375
1113,Home,3596
1114,Electronics,1974
1115,Electronics,4556
1116,Fashion,2490
1117,Electronics,2260
1118,Home,1070
1119,Home,2066
1120,Home,1256
1121,Fashion,2163
1122,Home,354
1123,Electronics,1445
1124,Fashion,2403
1125,Home,974
1126,Fashion,3440
1127,Grocery,4757
1128,Fashion,3542
1129,Home,1518
1130,Grocery,4657
1131,Electronics,1487
1132,Electronics,2975
1133,Electronics,3171
1134,Home,131
1135,Electronics,4500
1136,Grocery,4195
1137,Electronics,4570
1138,Grocery,3422
1139,Electronics,2031
1140,Home,4942
1141,Grocery,1384
1142,Electronics,4677
1143,Grocery,499
1144,Fashion,1801
1145,Electronics,1357
1146,Home,4793
1147,Electronics,3869
1148,Electronics,286
1149,Grocery,1268
1150,Fashion,2130
1151,Home,2245
1152,Grocery,2554
1153,Fashion,1518
1154,Home,1688
1155,Fashion,678
1156,Fashion,2134
1157,Fashion,297
1158,Home,4812
1159,Electronics,1452
1160,Grocery,4671
1161,Grocery,1141
1162,Fashion,419
1163,Fashion,466
1164,Home,1448
1165,Home,3041
1166,Home,176
1167,Grocery,178
1168,Fashion,4726
1169,Fashion,2786
1170,Fashion,3662
1171,Home,1008
1172,Home,3101
1173,Fashion,4128
1174,Grocery,4581
1175,Home,2008
1176,Grocery,4689
1177,Electronics,2797
1178,Home,2967
1179,Electronics,602
1180,Electronics,3075
1181,Electronics,3038
1182,Grocery,3891
1183,Electronics,1215
1184,Fashion,4890
1185,Electronics,2837
1186,Fashion,2258
1187,Grocery,2927
1188,Home,1962
1189,Home,1805
1190,Home,3392
1191,Home,2905
1192,Electronics,2549
1193,Home,1504
1194,Electronics,1323
1195,Grocery,3401
1196,Electronics,2311
1197,Electronics,1461
1198,Home,4981
1199,Home,3629
1200,Home,2509
1201,Fashion,2523
1202,Home,4066
1203,Home,3112
1204,Electronics,3738
1205,Grocery,3397
1206,Grocery,2601
1207,Home,4061
1208,Home,1218
1209,Grocery,4856
1210,Home,3405
1211,Home,1349
1212,Electronics,3371
1213,Grocery,4079
1214,Fashion,4172
1215,Home,1743
1216,Electronics,4435
1217,Home,2901
1218,Home,1423
1219,Fashion,2726
1220,Home,1675
1221,Grocery,3823
1222,Electronics,1615
1223,Electronics,1511
1224,Home,1551
1225,Grocery,571
1226,Home,2505
1227,Fashion,1376
1228,Grocery,4984
1229,Fashion,1295
1230,Home,320
1231,Home,3834
1232,Home,3988
1233,Electronics,1751
1234,Electronics,2086
1235,Electronics,1535
1236,Home,2116
1237,Electronics,2403
1238,Home,1323
1239,Home,2909
1240,Home,4827
1241,Home,3906
1242,Home,814
1243,Electronics,3722
1244,Electronics,3514
1245,Electronics,4694
1246,Grocery,4124
1247,Home,1078
1248,Home,3489
1249,Grocery,1676
1250,Electronics,4043
1251,Fashion,578
1252,Home,4809
1253,Electronics,2250
1254,Home,4086
1255,Grocery,3585
1256,Grocery,4072
1257,Grocery,1232
1258,Grocery,2261
1259,Home,881
1260,Fashion,272
1261,Fashion,4057
1262,Grocery,1362
1263,Fashion,176
1264,Fashion,302
1265,Electronics,1612
1266,Grocery,2970
1267,Home,1330
1268,Grocery,4796
1269,Electronics,1603
1270,Grocery,4094
1271,Electronics,1673
1272,Home,4512
1273,Fashion,388
1274,Electronics,2405
1275,Fashion,3450
1276,Grocery,4314
1277,Grocery,285
1278,Electronics,3924
1279,Grocery,1470
1280,Home,3775
1281,Grocery,2358
1282,Grocery,2492
1283,Grocery,1837
1284,Grocery,338
1285,Grocery,3569
1286,Grocery,766
1287,Grocery,223
1288,Electronics,4424
1289,Home,847
1290,Home,1323
1291,Grocery,805
1292,Grocery,4887
1293,Electronics,1371
1294,Grocery,4530
1295,Electronics,3943
1296,Home,3338
1297,Grocery,1668
1298,Fashion,2236
1299,Electronics,2516
1300,Grocery,1569
1301,Grocery,2941
1302,Home,4913
1303,Home,3621
1304,Grocery,1218
1305,Grocery,807
1306,Grocery,1158
1307,Electronics,3065
1308,Electronics,934
1309,Electronics,1598
1310,Home,2291
1311,Electronics,2168
1312,Grocery,2948
1313,Grocery,670
1314,Home,481
1315,Grocery,3543
1316,Electronics,1321
1317,Fashion,4517
1318,Fashion,1715
1319,Fashion,1998
1320,Home,1591
1321,Electronics,2154
1322,Home,2402
1323,Home,2641
1324,Fashion,788
1325,Electronics,3752
1326,Home,3832
1327,Home,338
1328,Fashion,3189
1329,Grocery,316
1330,Home,3477
1331,Electronics,1835
1332,Home,4387
1333,Electronics,4446
1334,Fashion,2455
1335,Grocery,1801
1336,Home,534
1337,Home,4655
1338,Fashion,2988
1339,Electronics,1790
1340,Home,1163
1341,Grocery,2213
1342,Grocery,3161
1343,Home,993
1344,Electronics,4062
1345,Electronics,3635
1346,Home,1593
1347,Fashion,3676
1348,Home,2042
1349,Home,4426
1350,Electronics,430
1351,Home,2953
1352,Electronics,2966
1353,Electronics,1104
1354,Electronics,1761
1355,Fashion,3691
1356,Fashion,2617
1357,Electronics,4817
1358,Electronics,4688
1359,Grocery,162
1360,Electronics,833
1361,Grocery,1578
1362,Grocery,4324
1363,Fashion,553
1364,Electronics,2423
1365,Home,3140
1366,Grocery,2357
1367,Electronics,980
1368,Grocery,3488
1369,Electronics,4485
1370,Fashion,191
1371,Electronics,2718
1372,Electronics,1627
1373,Electronics,2507
1374,Electronics,4574
1375,Fashion,2969
1376,Grocery,216
1377,Home,2959
1378,Electronics,371
1379,Electronics,1926
1380,Fashion,4363
1381,Home,139
1382,Fashion,2372
1383,Grocery,1121
1384,Grocery,4226
1385,Fashion,4146
1386,Electronics,4305
1387,Electronics,1866
1388,Home,3945
1389,Fashion,1384
1390,Home,1122
1391,Home,4230
1392,Home,1517
1393,Home,3683
1394,Electronics,4756
1395,Home,4860
1396,Grocery,3815
1397,Home,1471
1398,Grocery,2227
1399,Home,592
1400,Home,2602
1401,Fashion,196
1402,Fashion,2936
1403,Grocery,4319
1404,Grocery,503
1405,Grocery,312
1406,Fashion,2536
1407,Fashion,923
1408,Electronics,1168
1409,Home,2681
1410,Fashion,476
1411,Fashion,2037
1412,Home,1151
1413,Home,1512
1414,Home,758
1415,Electronics,961
1416,Home,1861
1417,Home,2331
1418,Grocery,226
1419,Electronics,365
1420,Home,4458
1421,Fashion,2346
1422,Home,560
1423,Home,2900
1424,Electronics,4931
1425,Fashion,1937
1426,Fashion,2535
1427,Fashion,4288
1428,Home,3109
1429,Home,3928
1430,Home,3375
1431,Home,1663
1432,Home,454
1433,Home,4197
1434,Grocery,4711
1435,Fashion,4136
1436,Grocery,2176
1437,Home,3405
1438,Home,2899
1439,Grocery,4044
1440,Grocery,2126
1441,Home,3429
1442,Electronics,2799
1443,Electronics,3277
1444,Electronics,3995
1445,Fashion,1473
1446,Fashion,4429
1447,Grocery,2738
1448,Electronics,3026
1449,Grocery,1403
1450,Electronics,2959
1451,Electronics,3942
1452,Grocery,1209
1453,Fashion,3929
1454,Fashion,4805
1455,Grocery,3941
1456,Grocery,4101
1457,Electronics,2400
1458,Grocery,774
1459,Grocery,944
1460,Fashion,1936
1461,Electronics,1726
1462,Home,1484
1463,Home,4015
1464,Fashion,2888
1465,Home,742
1466,Home,3040
1467,Home,4103
1468,Home,333
1469,Fashion,878
1470,Home,1878
1471,Fashion,267
1472,Home,1198
1473,Grocery,1788
1474,Grocery,1548
1475,Home,4474
1476,Home,2649
1477,Home,3261
1478,Home,1331
1479,Electronics,562
1480,Electronics,2063
1481,Electronics,1143
1482,Fashion,397
1483,Electronics,3843
1484,Grocery,3121
1485,Home,3247
1486,Home,3163
1487,Electronics,1981
1488,Home,3419
1489,Home,214
1490,Electronics,3999
1491,Fashion,2934
1492,Home,2499
1493,Home,2046
1494,Home,211
1495,Fashion,1691
1496,Fashion,591
1497,Grocery,2752
1498,Grocery,4105
1499,Grocery,1267
1500,Home,493
